{
    "alumno1@urjc.es": {
        "address": [
            "127.0.0.1",
            3001
        ],
        "expires": "2017-12-29 01:53:42",
        "fromEpoch": 1514512422.5246816,
        "registered": 1514508822.524682
    }
}