{
    "alumno1@urjc.es": {
        "address": [
            "127.0.0.1",
            3001
        ],
        "expires": "2017-12-31 15:08:56",
        "fromEpoch": 1514732936.6095917,
        "registered": 1514729336.6095922
    }
}