{
    "alumno1@urjc.es": {
        "address": [
            "127.0.0.1",
            3001
        ],
        "expires": "2017-12-31 20:11:32",
        "fromEpoch": 1514751092.8866553,
        "registered": 1514747492.8866558
    }
}