{
    "alumno1@urjc.es": {
        "address": [
            "127.0.0.1",
            36189
        ],
        "expires": "2017-12-28 12:04:36",
        "fromEpoch": 1514462676.7387483,
        "registered": 1514459076.7387493
    }
}