{
    "alumno1@urjc.es": {
        "address": [
            "127.0.0.1",
            3001
        ],
        "expires": "2017-12-28 19:58:52",
        "fromEpoch": 1514491132.0319314,
        "registered": 1514487532.0319319
    }
}