{
    "alumno1@urjc.es": {
        "address": [
            "127.0.0.1",
            42245
        ],
        "expires": "2017-12-27 21:43:55",
        "fromEpoch": 1514411035.442168,
        "registered": 1514407435.4421694
    }
}