{
    "alumno1@urjc.es": {
        "address": [
            "127.0.0.1",
            3001
        ],
        "expires": "2018-01-01 19:41:36",
        "fromEpoch": 1514835696.3494222,
        "registered": 1514832096.3494227
    }
}